词语,词频
发展,116
建设,95
政策,51
经济,37
社会,37
改革,37
增长,34
保障,28
投资,28
服务,26
国家,25
就业,24
风险,23
高质量发展,22
战略,22
治理,22
消费,21
工程,21
政府,20
市场,20
企业,20
创新,20
行动,20
安全,20
目标,19
科技,19
稳定,16
教育,16
中国,15
全球,15
产业,15
现代化,15
保护,15
人民,14
党中央,14
任务,14
地方,14
地区,14
全国,13
转型,13
服务业,13
试点,13
帮扶,13
核心,12
国际,12
民生,12
规模,12
项目,12
区域,12
开放,12
文化,12
群众,12
农村,12
资源,12
基本,11
成果,11
巩固,11
生态,11
融资,11
农业,11
粮食,11
生产,11
精神,10
习近平,10
国内,10
国内生产总值,10
化解,10
维护,10
合理,10
布局,10
高质量,10
城市,10
指标,10
协同,10
人才,10
科技创新,9
应用,9
自主,9
制造业,9
问题,9
预期,9
重要,9
存量,9
资金,9
投入,9
合作,9
人口,9
绿色低碳,9
能源,9
主体,9
同志,8
总体,8
成效,8
研发,8
应对,8
部署,8
新型,8
地方政府,8
债务,8
融合,8
智能,8
整治,8
新型城镇化,8
健康,8
金融,8
规划,8
经营,8
优势,8
十五五,8
价格,8
贸易,8
城镇,7
活力,7
人工智能,7
世界,7
引领,7
降低,7
挑战,7
环境,7
升级,7
动力,7
必须,7
平台,7
金融机构,7
行业,7
要素,7
中央,7
基层,7
监督,7
网络,7
排放,7
基础设施,7
利用,7
民族,6
激发,6
力量,6
大局,6
经济社会,6
新质生产力,6
质量,6
改善,6
坚定,6
宏观政策,6
困难,6
学习,6
开局,6
良好,6
使用,6
贷款,6
资本,6
结构,6
关键,6
核心技术,6
现代,6
循环,6
全国统一大市场,6
产能,6
协调,6
转移,6
事业,6
标准,6
高效,6
管理,6
国家安全,6
特色,6
高水平,6
动能,6
作为,6
壮大,6
绿色,6
体制,6
繁荣,6
供给,6
分类,6
一体化,6
两个,5
新增,5
平均,5
明显,5
有力,5
脱贫攻坚,5
突破,5
利益,5
稳就业,5
提振,5
智慧,5
货币政策,5
潜力,5
释放,5
房地产,5
中小,5
处置,5
强国,5
攻关,5
未来产业,5
比重,5
配置,5
自由贸易,5
衔接,5
服务体系,5
长效机制,5
保险,5
养老服务,5
增效,5
大国,5
常态,5
攻坚,5
活动,5
峰会,5
倡议,5
解决,5
和平,5
人均,5
生活,5
底线,5
政治,5
增收,5
条件,5
先进,5
方式,5
碳达峰,5
弘扬,5
社会主义,5
参与,5
防范,5
财政,5
产品,5
社区,5
监测,5
跨境,5
乡村,5
代表,4
胜利,4
变化,4
各族人民,4
十四五,4
步伐,4
总量,4
多元化,4
平衡,4
补贴,4
增加值,4
超过,4
单位,4
过去,4
冲击,4
矛盾,4
信心,4
并举,4
领导,4
习近平新时代中国特色社会主义思想,4
贯彻落实,4
有效投资,4
隐性债务,4
技术,4
产业创新,4
畅通,4
清单,4
市场化,4
民间,4
共建,4
城乡,4
会议,4
乡村振兴,4
群体,4
调整,4
县域,4
防控,4
医保,4
救助,4
全民,4
比例,4
生物,4
贡献,4
行政,4
接受,4
法治化,4
效应,4
预防,4
领导人,4
组织,4
年均,4
产业链,4
居民,4
收入,4
工程项目,4
长期,4
数字,4
扩大内需,4
内生,4
生育,4
养老,4
取向,4
增量,4
盘活,4
因地制宜,4
效能,4
公共,4
预算,4
超长期特别国债,4
支付,4
运用,4
考核,4
补偿,4
扩容,4
贴息,4
推广,4
新一轮,4
优质,4
基金,4
模式,4
评价,4
一流,4
范围,4
合法权益,4
联通,4
时代,4
普惠,4
打击,4
住房,4
国防,4
港澳,4
国务院,3
五年,3
凝聚,3
形势,3
深刻,3
复杂,3
团结,3
带领,3
中国式现代化,3
前行,3
强大,3
韧性,3
经济运行,3
调查,3
失业率,3
出口,3
居民收入,3
惠及,3
儿童,3
保持稳定,3
开源,3
工业,3
结构性,3
显现,3
不足,3
斗争,3
周期,3
办好,3
挖掘,3
投资于人,3
决策,3
情况,3
适度,3
财力,3
成本,3
扩围,3
消费品,3
两重,3
设备,3
补充,3
方案,3
置换,3
数量,3
一体,3
机构,3
下降,3
现代化产业体系,3
前沿,3
经费,3
新兴产业,3
数据要素,3
数字经济,3
国民经济,3
负面,3
竞争,3
拖欠,3
账款,3
外资,3
外资企业,3
启动,3
一带一路,3
联动,3
抓好,3
大规模,3
三年,3
高校,3
医药,3
城乡居民,3
养老金,3
美丽中国,3
防治,3
法律,3
建议,3
执法,3
专项,3
部分,3
反对,3
价值,3
供应链,3
对外开放,3
限制,3
福祉,3
劳动,3
文明,3
科学,3
结果,3
表示,3
衷心感谢,3
同胞,3
各国,3
公共服务,3
短板,3
办法,3
坚强,3
编制,3
需要,3
及其,3
二氧化碳,3
生产能力,3
夯实,3
四个,3
实体,3
污染,3
惠民,3
超大规模,3
共同富裕,3
友好,3
传播,3
举措,3
关爱,3
碳中和,3
居民消费,3
导向,3
支出,3
发行,3
专项债券,3
工具,3
知识产权,3
担保,3
运行,3
纳入,3
内需,3
计划,3
社保,3
品牌,3
用于,3
补助,3
探索,3
监管,3
新兴,3
领军,3
物流,3
中心,3
高标准,3
统计,3
劳动者,3
协定,3
伙伴关系,3
海外,3
严格,3
振兴,3
共同,3
土地,3
改造,3
城市群,3
长江,3
稳岗,3
职业,3
人员,3
创业,3
学校,3
家庭,3
传承,3
结合,3
需求,3
老年人,3
深入开展,3
综合治理,3
身边,3
原则,3
军队,3
大会,2
报告,2
审议,2
四中全会,2
未来,2
宏伟蓝图,2
极大,2
奋斗,2
面对,2
国内外,2
坚定不移,2
新发展理念,2
收官,2
迈出,2
展现,2
对外贸易,2
国际收支,2
同步,2
免费,2
粮食产量,2
彰显,2
生物医药,2
机器人,2
量子科技,2
国产,2
高技术,2
装备,2
集成电路,2
产量,2
新能源,2
设施,2
生态环境,2
成绩,2
外部,2
保护主义,2
受到,2
对外,2
经贸,2
共识,2
稳定性,2
组合拳,2
调节,2
稳预期,2
宏观经济,2
做到,2
紧密结合,2
二十大,2
历次,2
全会精神,2
有为,2
充分发挥,2
压力,2
财政政策,2
宽松,2
财政支出,2
下调,2
利率,2
以旧换新,2
商品,2
服务消费,2
更新,2
政策性,2
金融工具,2
用力,2
控制,2
城施,2
公积金,2
交房,2
全面完成,2
活跃,2
化债,2
压减,2
高风险,2
驱动,2
战略部署,2
强度,2
传统产业,2
修订,2
国家标准,2
落地,2
终端,2
指引,2
新版,2
市场准入,2
系统,2
招标,2
投标,2
招商引资,2
内卷式,2
清理,2
单边,2
外贸,2
试验区,2
海南,2
乡村全面振兴,2
城市更新,2
市民化,2
单产,2
脱贫,2
职业技能,2
培训,2
行动计划,2
学科专业,2
普通高中,2
医疗卫生,2
儿科,2
医院,2
覆盖,2
疫情,2
商业,2
目录,2
长期护理保险,2
最低标准,2
托养,2
照护,2
困境,2
文化产业,2
旅游业,2
人次,2
入境,2
成功,2
举办,2
体育赛事,2
地级,2
优良,2
多样性,2
整体,2
新型储能,2
化石,2
从严治党,2
八项,2
规定,2
党风廉政,2
反腐败,2
形式主义,2
减负,2
法治政府,2
议案,2
法规,2
依法,2
涉企,2
办成,2
一件,2
事项,2
信访工作,2
治本,2
地震,2
平安中国,2
党和国家,2
中亚,2
上海,2
多边,2
主义,2
捍卫,2
人类命运共同体,2
作出,2
重大成就,2
奋斗目标,2
连续,2
高于,2
增速,2
第一,2
准入,2
地位,2
累计,2
养老保险,2
年龄,2
年限,2
寿命,2
进步,2
空气质量,2
最快,2
发生,2
系统性,2
确定,2
完成,2
在于,2
团结奋斗,2
台湾同胞,2
海外侨胞,2
面临,2
外部环境,2
不少,2
存在,2
效果,2
政绩观,2
腐败问题,2
支撑,2
趋势,2
足用,2
一定,2
第十五,2
审查,2
兼顾,2
可能,2
针对性,2
医疗,2
一老一小,2
降碳,2
减污,2
体现,2
自立自强,2
原始,2
做强,2
破除,2
全体,2
健康中国,2
体育,2
人口老龄化,2
护理,2
充分就业,2
社会保障,2
以人为本,2
践行,2
价值观,2
安全观,2
公共安全,2
赛道,2
修复,2
能源安全,2
现实,2
指导,2
准确,2
稳中求进,2
和谐,2
涨幅,2
空间,2
回升,2
多种,2
有利于,2
集成,2
赤字,2
上年,2
国有,2
重大项目,2
整合,2
分级,2
责任,2
约束,2
灵活,2
评估,2
信贷,2
行为,2
人民币,2
均衡,2
发力,2
打通,2
转化,2
一致性,2
政策措施,2
合力,2
主导,2
延长,2
场景,2
增长点,2
文旅,2
赛事,2
职工,2
休假,2
防止,2
技术装备,2
集群,2
推行,2
普惠性,2
中小企业,2
制造,2
工厂,2
提供,2
发展壮大,2
创业投资,2
大力发展,2
成长,2
便利化,2
放宽,2
业态,2
互联网,2
数据,2
革命,2
创新能力,2
链条,2
原创性,2
普及,2
京津冀,2
长三角,2
粤港澳,2
大湾,2
世界级,2
重组,2
人才培养,2
青年,2
队伍,2
实效,2
通道,2
财税,2
手段,2
营造,2
秩序,2
股权,2
渠道,2
经济布局,2
结构调整,2
配套,2
平等,2
公平,2
企业家,2
精准,2
营商环境,2
促发展,2
电信,2
能级,2
双向,2
外商投资,2
园区,2
西部,2
经验,2
质效,2
品种,2
品质,2
节约,2
防灾,2
减灾,2
农产品,2
农民,2
守牢,2
返贫,2
致贫,2
兜底,2
协作,2
分层,2
集体,2
第四次,2
普查,2
特色产业,2
补齐,2
参加,2
房屋,2
火灾,2
功能定位,2
开发,2
差异化,2
岗位,2
农民工,2
退役军人,2
适应,2
课堂,2
学前教育,2
运动,2
医疗机构,2
应急,2
用药,2
集中,2
满足,2
接续,2
失能,2
康复,2
倡导,2
托育,2
优秀,2
备战,2
牵引,2
管控,2
攻坚战,2
多渠道,2
商品房,2
保障性,2
预警,2
意识,2
政绩,2
政务,2
中华民族,2
共同体,2
交流,2
宗教,2
方向,2
军事,2
建军,2
爱国者,2
祖国,2
势力,2
两岸,2
复兴,2
伟业,2
现在,1
请予,1
全国政协,1
委员,1
意见,1
回顾,1
平凡,1
召开,1
擘画,1
隆重,1
纪念,1
抗日战争,1
世界反法西斯战争,1
周年,1
台湾光复,1
纪念日,1
振奋,1
爱国热情,1
迎难而上,1
奋力拼搏,1
顺利完成,1
圆满,1
坚实,1
顶压,1
平稳,1
稳中有进,1
学前,1
全面实施,1
育儿,1
多万,1
婴幼儿,1
进展,1
新向,1
蓬勃,1
稳步发展,1
丰硕,1
前列,1
芯片,1
天问,1
二号,1
开启,1
追星,1
北斗,1
水电工程,1
开工,1
首艘,1
电磁,1
弹射,1
航母,1
福建,1
正式,1
入列,1
模型,1
产业结构,1
汽车,1
年产量,1
万辆,1
电动汽车,1
充电,1
万个,1
能耗,1
来之不易,1
多年,1
少有,1
两难,1
多难,1
交织,1
叠加,1
严峻形势,1
国际经贸,1
急剧,1
单边主义,1
陡然,1
频繁,1
扰动,1
承压,1
深层次,1
沉着,1
勇毅,1
有理,1
中美,1
磋商,1
元首,1
釜山,1
会晤,1
达成,1
经贸合作,1
注入,1
对内,1
集中力量,1
坏处,1
打算,1
好处,1
不仅,1
稳住,1
大盘,1
而且,1
士气,1
过程,1
认识,1
新形势下,1
潜能,1
放得,1
苦练内功,1
来应,1
对外部,1
实践,1
再次,1
证明,1
集中统一,1
根本保证,1
战胜,1
艰难险阻,1
年初,1
复杂多变,1
局面,1
充分准备,1
一季度,1
起势,1
二季度,1
以后,1
针对,1
美国,1
加征,1
关税,1
一系列,1
新举措,1
对冲,1
下行,1
存款,1
准备金率,1
销售额,1
旅体,1
零售总额,1
拨付,1
购置,1
重点项目,1
资本金,1
楼市,1
用地,1
供应,1
调减,1
限制性,1
个人住房,1
施策,1
股市,1
回稳,1
回暖,1
交易,1
一揽子,1
大幅,1
体系化,1
合同,1
成交额,1
不断深入,1
蓬勃发展,1
快速,1
发展势头,1
数字化,1
不断涌现,1
深化改革,1
三中全会,1
国有企业,1
单方面,1
免签,1
互免,1
签证,1
进出口,1
稳质,1
全岛,1
封关,1
运作,1
都市,1
城市规划,1
常住人口,1
城镇化率,1
面积,1
灾害,1
丰收,1
务工,1
卫生,1
三级,1
公立,1
基孔,1
雅热,1
传染病,1
参保,1
集采,1
渐进式,1
延迟,1
法定,1
退休年龄,1
个人,1
重度,1
残疾人,1
福利,1
优抚,1
出游,1
旅游,1
第九届,1
亚洲,1
冬季,1
运动会,1
第十五届,1
全国运动会,1
健身活动,1
蓬勃开展,1
大气污染,1
颗粒物,1
浓度,1
大江,1
大河,1
湖库,1
地表水,1
水质,1
断面,1
生态系统,1
先行,1
第一批,1
沙戈,1
基地,1
建成投产,1
装机,1
亿千瓦,1
宣布,1
气候变化,1
负责,1
担当,1
提请,1
全国人大常委会,1
办理,1
人大代表,1
政协委员,1
提案,1
督查,1
安全事故,1
起数,1
洪涝,1
干旱,1
台风,1
自然灾害,1
依法打击,1
违法犯罪,1
新进展,1
外交,1
主席,1
出访,1
出席,1
亚太经合组织,1
非正式,1
金砖,1
十国集团,1
双边,1
天津,1
妇女,1
中拉,1
论坛,1
第四届,1
部长级,1
主场,1
外交活动,1
霸凌,1
行径,1
二战,1
全球性,1
热点问题,1
建设性,1
世纪,1
超乎寻常,1
第二个,1
百年,1
征程,1
经济总量,1
跃升,1
跨越,1
台阶,1
发明专利,1
拥有量,1
攻克,1
改革开放,1
不断扩大,1
全部,1
取消,1
货物贸易,1
支配,1
过渡期,1
圆满完成,1
平均水平,1
丰富多彩,1
天数,1
森林,1
覆盖率,1
成为,1
森林资源,1
最多,1
最大,1
再生能源,1
牢牢,1
守住,1
经过,1
艰苦奋斗,1
不懈努力,1
根本,1
领航,1
掌舵,1
全党全军,1
民主党派,1
人民团体,1
各界人士,1
香港特别行政区,1
澳门特别行政区,1
关心,1
朋友,1
肯定,1
清醒,1
看到,1
影响,1
加深,1
地缘,1
持续上升,1
疲弱,1
严重,1
仍然,1
新旧,1
转换,1
任务艰巨,1
供强,1
需弱,1
偏弱,1
隐患,1
难度,1
财政收支,1
弱项,1
干部,1
偏差,1
表面文章,1
依然,1
多发,1
不容忽视,1
没有,1
改变,1
经历,1
风雨,1
洗礼,1
意志,1
只要,1
妥善,1
发展前景,1
时期,1
中共中央,1
中华人民共和国,1
提交,1
简要,1
明确,1
细化,1
效率,1
因素,1
区间,1
年度,1
视情,1
翻一番,1
中等,1
发达国家,1
充分考虑,1
保持一致,1
不减,1
急难,1
环保,1
阐述,1
内在,1
强调,1
根基,1
骨干,1
系统优化,1
如期,1
严峻,1
基点,1
可靠性,1
消费率,1
明显提高,1
红利,1
分割,1
双循环,1
人民满意,1
床位,1
分配制度,1
缩小,1
差距,1
城乡差别,1
生产力,1
中华文明,1
影响力,1
前提,1
多项,1
亿吨,1
标准煤,1
战略性,1
牵引性,1
连续性,1
竞争力,1
科技攻关,1
立体,1
交通网,1
环境质量,1
当前,1
长远,1
涉及,1
包含,1
补短,1
后劲,1
展望未来,1
充满信心,1
全国上下,1
能够,1
变成,1
美好,1
认真落实,1
完整,1
新发展格局,1
基调,1
前瞻性,1
和量,1
实际,1
努力争取,1
之年,1
留出,1
后期,1
打牢,1
远景,1
吻合,1
具备,1
有利条件,1
结合实际,1
争取,1
较大,1
优先,1
供求关系,1
转正,1
价格合理,1
温和,1
良性循环,1
年前,1
率拟,1
一般,1
首次,1
特别国债,1
大型,1
商业银行,1
自审,1
自发,1
消化,1
相当规模,1
财政资金,1
效益,1
中央财政,1
压实,1
三保,1
当家理财,1
增收节支,1
资产,1
严肃,1
财经纪律,1
严控,1
一般性,1
紧日子,1
务必,1
下来,1
一分钱,1
用到,1
关键点,1
急需,1
稳定增长,1
物价,1
考量,1
降准,1
降息,1
流动性,1
充裕,1
货币,1
供应量,1
相匹配,1
适当,1
传导,1
无形资产,1
中间,1
费用,1
低位,1
汇率,1
卡点,1
有效性,1
非经济,1
同向,1
结合点,1
放大,1
管理机制,1
持续增长,1
低收入,1
财产性,1
薪酬,1
财政金融,1
专项资金,1
组合,1
个人消费,1
上限,1
期限,1
一次性,1
信用,1
面广,1
显示,1
线下,1
下沉,1
不合理,1
康养,1
中小学,1
春秋,1
带薪,1
错峰,1
消费者,1
权益,1
购在,1
预算内,1
单列,1
额度,1
准备充分,1
倾斜,1
较好,1
口径,1
低效,1
无效,1
民营企业,1
加紧,1
着力点,1
放在,1
技术改造,1
再造,1
数赋,1
智化,1
建造,1
建筑,1
更具,1
央企,1
国企,1
带头,1
航空航天,1
低空经济,1
支柱产业,1
建立,1
分担,1
具身智能,1
脑机接口,1
专精,1
特新,1
独角兽,1
天使,1
要带头,1
耐心,1
初创,1
扩能,1
软件,1
信息技术,1
检验,1
检测,1
生产性,1
高品质,1
多样化,1
新形态,1
新一代,1
智能体,1
商业化,1
规模化,1
原生,1
智算,1
基建工程,1
算力,1
调度,1
卫星互联网,1
升级版,1
开发利用,1
抓住,1
变革,1
历史,1
机遇,1
举国体制,1
产出,1
研究,1
科研院所,1
实验室,1
科学技术,1
科学素养,1
科学家,1
颠覆性,1
深度,1
北京,1
策源地,1
牵头,1
组建,1
联合体,1
承担,1
试验,1
科技成果,1
生命周期,1
金融服务,1
科技型,1
上市,1
并购,1
绿色通道,1
创造,1
科技人才,1
适配,1
动态,1
交叉学科,1
拔尖,1
培养,1
引育,1
卓越,1
工程师,1
工匠,1
高技能,1
工人,1
高地,1
人才交流,1
竞相,1
各展其能,1
经济体制,1
障碍,1
条例,1
禁止,1
税收,1
优惠,1
财政补贴,1
反垄断,1
反不,1
正当竞争,1
公平竞争,1
刚性,1
调控,1
符合条件,1
交通运输,1
公用事业,1
金融体制,1
国有资本,1
收益,1
收取,1
科学管理,1
零基,1
部门,1
地方税,1
税源,1
消费税,1
征税,1
税率,1
品目,1
征收,1
环节,1
后移,1
减量,1
投融资,1
中长期,1
入市,1
投资者,1
私募,1
创投,1
退出,1
直接,1
毫不动摇,1
国资,1
国企改革,1
民营经济,1
促进法,1
市场竞争,1
年轻一代,1
健康成长,1
经营者,1
分型,1
个体,1
工商户,1
力气,1
安心,1
增值,1
外商独资,1
扩大开放,1
示范区,1
商签,1
双边贸易,1
加入,1
太平洋,1
进程,1
世贸组织,1
开放型,1
信保,1
内外贸,1
电商,1
寄递,1
中间品,1
边境贸易,1
进口,1
国民待遇,1
境内,1
本地化,1
擦亮,1
名片,1
开发区,1
对接,1
实做,1
细硬,1
标志性,1
中欧,1
班列,1
陆海,1
海关,1
合作伙伴,1
三农,1
重中之重,1
千万,1
农惠农,1
富农,1
毫不放松,1
增产增收,1
一起,1
亿斤,1
粮油,1
良田,1
良种,1
良机,1
良法,1
大面积,1
培优,1
大豆,1
油料,1
棉糖胶,1
稳产,1
农林牧渔,1
多元,1
食物,1
减损,1
严守,1
耕地,1
红线,1
占补,1
农田,1
黑土地,1
盐碱地,1
综合利用,1
撂荒地,1
复耕,1
种业,1
选育,1
突破性,1
适用,1
农机,1
科技推广,1
最后,1
公里,1
收储,1
产销区,1
省际,1
横向,1
调动,1
主产区,1
种粮,1
积极性,1
饭碗,1
规模性,1
对象,1
认定,1
识别,1
发现,1
干预,1
开发式,1
易地,1
搬迁,1
后续,1
扶持,1
东西部,1
定点,1
驻村,1
欠发达,1
第二轮,1
承包,1
到期,1
整省,1
规模经营,1
现代农业,1
社会化,1
新型农村,1
集体经济,1
产权,1
林权,1
农垦,1
供销社,1
流动,1
农文旅,1
精深,1
加工水平,1
林下,1
农带,1
人才队伍,1
移风易俗,1
乡风,1
人居,1
钉钉子,1
改厕,1
垃圾,1
围村,1
全域,1
宜居,1
宜业,1
功能区,1
优势互补,1
国土,1
空间体系,1
流入地,1
中考,1
报名条件,1
人地,1
挂钩,1
公共资源,1
内涵式,1
小区,1
城中村,1
闲置,1
生命线,1
工程建设,1
高层建筑,1
救援,1
老化,1
无障碍,1
创新型,1
商务,1
精细化,1
协调性,1
功能,1
区划,1
比较,1
新格局,1
东北,1
中部,1
崛起,1
东部,1
赋能,1
大省,1
挑大梁,1
雄安,1
新区,1
经济带,1
黄河流域,1
成渝,1
双城,1
经济圈,1
中游,1
共享,1
行政区,1
兴边,1
富民,1
老区,1
边疆地区,1
枯竭,1
海湾,1
整体规划,1
海洋,1
基础性,1
多办实事,1
延续,1
返还,1
阶段性,1
以工代赈,1
投资规模,1
劳动密集型,1
毕业生,1
安置,1
援助,1
形态,1
全面落实,1
工资,1
保障制度,1
歧视,1
拥有,1
一技之长,1
立德,1
思政,1
学龄,1
教育资源,1
基础教育,1
优提质,1
义务教育,1
学位,1
本科,1
招生,1
办学,1
鲜明,1
高职,1
院校,1
特殊教育,1
专门,1
终身,1
民办教育,1
教育家,1
高素质,1
专业化,1
教师队伍,1
师德师,1
教师,1
待遇,1
美育,1
心理健康,1
育人,1
学生,1
身心健康,1
优先发展,1
知识,1
爱国卫生,1
公共卫生,1
公益性,1
公立医院,1
县区,1
薄弱,1
专科,1
慢性病,1
罕见,1
全方位,1
急诊,1
急救,1
血液,1
家庭医生,1
签约,1
诊疗,1
中医药,1
中西医,1
多层次,1
医疗保障,1
基本医疗保险,1
省级,1
采购,1
结余,1
欺诈,1
骗保,1
医疗器械,1
就医,1
失业,1
工伤保险,1
覆盖面,1
伤害,1
关系,1
中度,1
医养,1
银发经济,1
老年,1
用品,1
旅居,1
独居,1
老人,1
失智,1
婚育,1
初婚,1
初育,1
子女,1
保险制度,1
示范,1
托幼,1
残疾,1
助残,1
妇女儿童,1
军人,1
军属,1
优抚对象,1
殡葬,1
兜住,1
哲学,1
社会科学,1
新闻,1
电影,1
电视,1
文学艺术,1
精品,1
创作,1
出版业,1
内容,1
未成年人,1
图书馆,1
博物馆,1
文化馆,1
科技馆,1
阅读,1
书店,1
广泛开展,1
群众性,1
下新,1
大众,1
文艺,1
档案,1
中华,1
传统,1
文物,1
文化遗产,1
丰富,1
体商,1
走向世界,1
主流,1
媒体,1
亚运会,1
残运会,1
参赛,1
重塑,1
足球,1
青训,1
冰雪,1
户外运动,1
建好,1
场地设施,1
扩绿,1
蓝天,1
碧水,1
净土,1
保卫战,1
县城,1
水体,1
面源,1
地块,1
污染物,1
固体废物,1
十年,1
禁渔,1
山水,1
林田湖,1
草沙,1
自然,1
保护地,1
公园,1
三北,1
降本,1
氢能,1
燃料,1
高耗能,1
淘汰,1
落后,1
再生资源,1
核算,1
足迹,1
管理体系,1
交易市场,1
覆盖范围,1
电力系统,1
电网,1
清洁,1
策控,1
库存,1
收购,1
住房供给,1
危旧房,1
舒适,1
好房子,1
物业,1
服务质量,1
白名单,1
违约,1
严防,1
虚假,1
遏制,1
违规,1
铁的纪律,1
经营性,1
统一,1
充实,1
不良资产,1
金融监管,1
非法,1
金融风险,1
早期,1
纠正,1
源头,1
本质,1
气象,1
水文,1
地质灾害,1
森林草原,1
预报,1
北方地区,1
防洪,1
排涝,1
抗灾,1
水网,1
巨灾,1
保障体系,1
食品,1
药品,1
特种设备,1
安全监管,1
社会工作者,1
志愿,1
公益,1
慈善,1
行业协会,1
商会,1
枫桥,1
综治,1
规范化,1
纠纷,1
心理,1
疏导,1
信访,1
社会治安,1
扫黑,1
除恶,1
化机制,1
诈骗,1
毒品,1
犯罪,1
工作人员,1
领悟,1
确立,1
决定性,1
意义,1
自信,1
在思想上,1
同以,1
高度一致,1
扛起,1
政治责任,1
权力,1
不正之风,1
树立,1
正确,1
实干,1
规律,1
办事,1
依法行政,1
依照,1
宪法,1
履职,1
尽责,1
同级,1
人大,1
常委会,1
人民政协,1
民主监督,1
舆论监督,1
审计,1
财会,1
民主,1
公开,1
宣传,1
解读,1
行政复议,1
工会,1
共青团,1
妇联,1
团组织,1
发挥作用,1
事业单位,1
沉下,1
心来,1
认认真真,1
解决问题,1
一贯,1
到底,1
执行力,1
穿透力,1
大局观,1
把握,1
定位,1
善于,1
市场需求,1
起来,1
广大干部,1
心无旁骛,1
办实事,1
舆论,1
要以,1
铸牢,1
为主,1
广泛,1
交往,1
交融,1
基本方针,1
中国化,1
宗教事务,1
侨务,1
归侨,1
侨眷,1
侨心,1
侨力,1
成就,1
强军,1
思想,1
战略方针,1
人民军队,1
绝对,1
军委主席,1
负责制,1
整训,1
一百年,1
练兵,1
战斗力,1
国家主权,1
理论,1
协力,1
跨军,1
国防科技,1
工业体系,1
动员,1
国防教育,1
大力支持,1
双拥,1
军政,1
军民团结,1
一国两制,1
港人治港,1
澳人治澳,1
高度,1
自治,1
方针,1
治港,1
依法治理,1
融入,1
背靠,1
独特,1
香港,1
澳门,1
台湾,1
方略,1
一个,1
九二,1
台独,1
分裂,1
干涉,1
两岸关系,1
统一大业,1
中华文化,1
享受,1
同等待遇,1
增进,1
开创,1
独立自主,1
外交政策,1
道路,1
霸权主义,1
强权政治,1
公平正义,1
愿同,1
一道,1
多极化,1
包容,1
全球化,1
积极参与,1
朝着,1
公正,1
携手,1
共创,1
美好未来,1
蓝图,1
奋进,1
正当,1
其时,1
紧密,1
周围,1
高举,1
伟大旗帜,1
万众一心,1
砥砺,1
奋力,1
不懈,1
